,Brand,Current_price,Discount,Avg_review_outof5,Num_reviews,Product_category,Date_retrieved
MEC Toaster Suit - Children,MEC,144.95,0,4.4,66,kids,2020-10-17
Blundstone 565 Kid's Blunnies - Children to Youths,Blundstone,119.95,0,5,1,kids,2020-10-17
Bogs Skipper Rain Boots - Children,Bogs,44.95,0,0,0,kids,2020-10-17
Reima Pohjola Wool Blend Beanie - Youths,Reima,44.95,0,0,0,kids,2020-10-17
MEC Kids Lunch Bag,MEC,20.95,0,5,4,kids,2020-10-17
MEC Toaster Bunting Suit - Infants,MEC,104.95,0,4.6,24,kids,2020-10-17
MEC Toaster Bib Pants - Children,MEC,94.95,0,5,3,kids,2020-10-17
MEC Toaster Parka - Children to Youths,MEC,134.95,0,4.2,17,kids,2020-10-17
MEC Heritage Newt Suit - Infants,MEC,69.95,40,5,9,kids,2020-10-17
MEC Heritage Rain Pants - Youths,MEC,42.95,42,3.6,5,kids,2020-10-17
MEC Besnow Jacket - Children,MEC,99.95,0,4.6,5,kids,2020-10-17
MEC Heritage Rain Pants - Children,MEC,34.95,0,3.6,10,kids,2020-10-17
MEC Toasty Mitts - Infants to Children,MEC,18.95,0,3.2,30,kids,2020-10-17
MEC Besnow Bunting Suit - Infants,MEC,119.95,0,3.6,8,kids,2020-10-17
MEC Aquanator Long Jacket - Girls' - Youths,MEC,59.94,41,4.2,4,kids,2020-10-17
MEC Cozy Aquanator Jacket - Boys' - Youths,MEC,99.95,0,4.2,5,kids,2020-10-17
Osprey Poco Child Carrier - Kids’ - Infants,Osprey,399.95,0,5,1,kids,2020-10-17
MEC Ursus Bunting Suit - Infants,MEC,49.95,0,4.6,51,kids,2020-10-17
MEC Camber Jacket - Youths,MEC,154.95,0,3.9,8,kids,2020-10-17
MEC Surplus Pants - Youths,MEC,38.97,29,5,3,kids,2020-10-17
MEC Cozy Newt Suit - Infants,MEC,79.95,0,1.5,2,kids,2020-10-17
MEC Toasty Mitts - Children to Youths,MEC,26.95,0,2.9,17,kids,2020-10-17
MEC Midweight Underwear Long Johns - Youths,MEC,34.95,40,4.6,10,kids,2020-10-17
Patagonia Hi-Loft Down Sweater Bunting - Infants,Patagonia,189,0,4.6,5,kids,2020-10-17
Baffin Mustang Winter Boots - Children to Youths,Baffin,89.95,0,4.2,20,kids,2020-10-17
Reima Ayles Down Jacket - Infants to Children,Reima,134.95,0,4,1,kids,2020-10-17
MEC Merino Long Sleeve Crew - Children,MEC,34.95,0,5,2,kids,2020-10-17
MEC Heritage Rain Bib Pants - Children,MEC,44.95,0,2.9,8,kids,2020-10-17
MEC Cozy Aquanator Jacket - Children,MEC,84.95,0,4,2,kids,2020-10-17
MEC Besnow Jacket - Youths,MEC,139.95,0,5,2,kids,2020-10-17
Kamik Snobuster 3 Reflective Boots - Children to Youths,Kamik,49.95,0,3.3,3,kids,2020-10-17
MEC Heritage Reflective Rain Jacket - Children,MEC,39.93,43,3,1,kids,2020-10-17
MEC Bundle Up Bunting Suit - Infants,MEC,69.95,0,5,2,kids,2020-10-17
Reima Vihta Dirt Repellent Down Jacket - Infants to Children,Reima,58,60,4.5,2,kids,2020-10-17
MEC Balaclava - Children to Youths,MEC,15.95,0,4.7,24,kids,2020-10-17
MEC Campfire Fleece Jacket - Children,MEC,39.95,30,5,1,kids,2020-10-17
MEC Roaster Mitts - Children,MEC,14.95,0,4,1,kids,2020-10-17
MEC Campfire Fleece Jacket - Youths,MEC,49.95,0,2,2,kids,2020-10-17
MEC Braveon Toaster Parka - Girls' - Youths,MEC,179.95,0,4.1,8,kids,2020-10-17
MEC Essential Mitts - Children to Youths,MEC,35.95,0,3.8,8,kids,2020-10-17
MEC Yeti Hooded Jacket - Children,MEC,39.95,0,4.5,22,kids,2020-10-17
The North Face Alpenglow IV Waterproof Winter Boots - Children to Youths,The North Face,84.99,0,2.4,5,kids,2020-10-17
MEC Merino Long Sleeve Crew - Youths,MEC,44.95,0,5,2,kids,2020-10-17
Reima Koski Fleece Lined Raincoat - Children to Youths,Reima,74.95,0,0,0,kids,2020-10-17
MEC Toaster Parka - Boys' - Youths,MEC,179.95,0,3.3,3,kids,2020-10-17
MEC Neck Gaiter - Children to Youths,MEC,11.95,0,3.3,6,kids,2020-10-17
MEC Cozy Bottoms - Children,MEC,29.95,0,4.7,13,kids,2020-10-17
Hydro Flask 946ml Wide Mouth Bottle,Hydro Flask,47.95,0,4.5,73,kids,2020-10-17
MEC Cozy Aquanator Jacket - Girls' - Youths,MEC,99.95,0,3.7,3,kids,2020-10-17
MEC Explorer Pants - Boys' - Youths,MEC,38.97,49,4,2,kids,2020-10-17
Craft Warm Pants - Youths,Craft,79.95,0,0,0,kids,2020-10-17
MEC Mistral Pants - Youths,MEC,34.97,30,3.7,10,kids,2020-10-17
Deuter Kid Comfort Active Carrier - Infants,Deuter,359.95,0,4.2,9,kids,2020-10-17
Sorel Snow Commander Winter Boots - Infants,Sorel,64.95,0,4.5,46,kids,2020-10-17
Hydro Flask 946ml Wide Mouth Stainless Steel Bottle,Hydro Flask,47.95,0,4.6,1847,kids,2020-10-17
MEC Process Bookbag - Unisex,MEC,24.93,55,3.9,14,kids,2020-10-17
Blundstone 1413 Kid's Blunnies - Children to Youths,Blundstone,119.95,0,3.5,2,kids,2020-10-17
MEC Aquanator Jacket - Infants,MEC,27.93,44,0,0,kids,2020-10-17
MEC Toaster Earflap Hat - Infants to Children,MEC,22.95,0,4.2,8,kids,2020-10-17
MEC Merino Long Johns - Youths,MEC,44.95,0,3.6,5,kids,2020-10-17
Reima Maa Reimatec Winter Overall - Infants to Children,Reima,194.95,0,0,0,kids,2020-10-17
Reima Antura Reimatec Insulated Booties - Infants,Reima,39.95,0,5,2,kids,2020-10-17
Strider 12 Sport Balance Bike - Infants to Children,Strider,159.99,0,5,205,kids,2020-10-17
MEC Cozy Crew - Children,MEC,24.95,0,4.9,25,kids,2020-10-17
MEC Surplus Pants - Children,MEC,31.97,29,4.8,4,kids,2020-10-17
MEC Cozy Sweatpants - Children,MEC,34.95,0,0,0,kids,2020-10-17
Kombi Candy Man Mitts - Children,Kombi,29.95,0,0,0,kids,2020-10-17
The North Face ThermoBall Eco Bunting Suit - Infants,The North Face,119.97,20,0,0,kids,2020-10-17
MEC Yeti Sweatpants - Children,MEC,44.95,0,3,1,kids,2020-10-17
MEC Heritage Rain Pants - Infants,MEC,19.94,33,0,0,kids,2020-10-17
MEC Stratosphere Bottoms - Youths,MEC,29.95,0,3.6,9,kids,2020-10-17
Kombi Animal Family Mitts - Children,Kombi,34.95,0,3.3,9,kids,2020-10-17
MEC Midweight Underwear Long Johns - Children,MEC,27.95,0,4.9,14,kids,2020-10-17
Stasher Reusable Sandwich Bag,Stasher,14.95,0,4.9,823,kids,2020-10-17
MEC Yeti Pants - Children,MEC,39.95,0,5,13,kids,2020-10-17
MEC Double Fleece Mitts - Children to Youths,MEC,15.95,0,4.2,9,kids,2020-10-17
MEC Stratosphere Crew - Youths,MEC,32.95,52,5,6,kids,2020-10-17
MEC Brume Reversible Jacket - Children,MEC,69.95,0,4.3,6,kids,2020-10-17
MEC Formula Book Bag - Unisex,MEC,35.93,20,4.1,7,kids,2020-10-17
Baffin Young Eiger Winter Boots - Children to Youths,Baffin,99.95,0,4.4,8,kids,2020-10-17
Reima Myytti Fleece Overall - Infants to Children,Reima,64.95,0,0,0,kids,2020-10-17
MEC Movement Joggers - Girls' - Youths,MEC,26.94,40,5,1,kids,2020-10-17
Kombi Animal Family Hat - Children,Kombi,28.95,60,5,3,kids,2020-10-17
Burley Encore X Child Trailer - Infants to Children,Burley,799.95,0,4.8,61,kids,2020-10-17
Timbuk2 Rogue Backpack - Unisex,Timbuk2,59.94,29,4.3,174,kids,2020-10-17
MEC Long Cozy Aquanator Jacket - Children,MEC,94.95,0,4,3,kids,2020-10-17
MEC Wanderlust Tights - Girls' - Youths,MEC,26.94,40,5,1,kids,2020-10-17
MEC Toasty Mitts - Infants,MEC,16.95,44,3.8,6,kids,2020-10-17
MEC Bundle Up Reversible Jacket - Infants,MEC,49.95,0,5,3,kids,2020-10-17
Gordini Ultra Dri-Max Gauntlet IV Mitts Junior - Children to Youths,Gordini,27.95,0,3.3,22,kids,2020-10-17
Kamik Snowfall Boots - Children to Youths,Kamik,79.95,0,0,0,kids,2020-10-17
MEC Mid Weight Underwear Crew - Youths,MEC,34.95,0,0,0,kids,2020-10-17
Salomon Speedcross Shoes - Children to Youths,Salomon,84.95,0,4.2,13,kids,2020-10-17
Kombi Original Mitts - Children,Kombi,34.95,0,2.3,3,kids,2020-10-17
The North Face Freedom Insulated Pants - Boys' - Youths,The North Face,103.97,20,0,0,kids,2020-10-17
MEC Besnow Long Jacket - Girls' - Youths,MEC,79.18,52,0,0,kids,2020-10-17
Timberland Mt Maddsen Waterproof Mid Boots - Children to Youths,Timberland,79.95,0,4.2,34,kids,2020-10-17
Sorel Yoot Pac Nylon Winter Boots - Youths,Sorel,99.95,0,4.9,44,kids,2020-10-17
Smartwool Wintersport Yo Yetti Socks - Children to Youths,Smartwool,21.95,0,3,1,kids,2020-10-17
Keen Targhee Low Waterproof Shoes - Youths,Keen,84.95,0,2.3,3,kids,2020-10-17
The North Face Alpenglow II Winter Boots - Children,The North Face,64.99,0,4.5,2,kids,2020-10-17
Crocs Crocband Clog - Children to Youths,Crocs,37.95,0,4.6,1188,kids,2020-10-17
Patagonia Snow Pile Bibs - Children,Patagonia,159,0,0,0,kids,2020-10-17
Patagonia Reversible Down Sweater Hoody - Infants to Children,Patagonia,149,0,3.5,2,kids,2020-10-17
Kombi Graceful Mitts - Children,Kombi,24.95,0,5,1,kids,2020-10-17
Deuter Kid Comfort Active SL - Infants,Deuter,359.95,0,5,11,kids,2020-10-17
Kombi Brave Socks (Twin Pack) - Children to Youths,Kombi,29.95,0,0,0,kids,2020-10-17
MEC Toaster Booties - Infants to Children,MEC,34.95,0,3.6,34,kids,2020-10-17
The North Face Freedom Insulated Bib - Youths,The North Face,135.97,20,0,0,kids,2020-10-17
Kombi Triple Axel Junior Gloves - Children,Kombi,49.95,0,5,1,kids,2020-10-17
MEC Explorer Stretch Pants - Children,MEC,27.97,30,3.8,5,kids,2020-10-17
Patagonia Snowshot Jacket - Boys' - Youths,Patagonia,249,0,0,0,kids,2020-10-17
Reima Northern Fleece Sweater - Children to Youths,Reima,74.95,0,0,0,kids,2020-10-17
MEC Bear Cub Hat - Infants to Children,MEC,18.95,0,3.5,8,kids,2020-10-17
MEC Eyas Daypack - Children to Youths,MEC,49.95,0,3.4,12,kids,2020-10-17
Thule Urban Glide 2 Stroller - Infants to Children,Thule,599.95,0,4.5,4,kids,2020-10-17
MEC Fleece Toque - Infants to Youths,MEC,14.95,0,5,3,kids,2020-10-17
MEC Long Toaster Parka - Children,MEC,149.95,0,3.6,7,kids,2020-10-17
Osprey Poco Plus Child Carrier - Kids’ - Infants,Osprey,459.95,0,0,0,kids,2020-10-17
MEC Tech Touch Gloves - Children to Youths,MEC,19.95,0,4.3,3,kids,2020-10-17
Patagonia Everyday Ready Jacket - Boys' - Youths,Patagonia,189,0,0,0,kids,2020-10-17
Humangear GoTubb 14ml (3 Pack),Humangear,10.95,0,4.1,1875,kids,2020-10-17
MEC Brume Reversible Jacket - Youths,MEC,89.95,0,4.7,3,kids,2020-10-17
MEC Cub Daypack - Children,MEC,39.95,30,4.1,12,kids,2020-10-17
Keen Terradora ll Mid Waterproof Boots - Girls' - Children to Youths,Keen,94.95,0,0,0,kids,2020-10-17
The North Face Glacier 1/4 Snap Pullover - Youths,The North Face,35.94,40,0,0,kids,2020-10-17
Salomon XA Pro 3D Mid CSWP J Shoes - Children to Youths,Salomon,119.95,0,3,2,kids,2020-10-17
Kombi Velvet Fleece Set - Youths,Kombi,69.95,0,0,0,kids,2020-10-17
Wigwam Merino Comfort Hiker Socks - Children to Youths,Wigwam,14.95,0,4.5,2,kids,2020-10-17
Gordini Ultra Dri-Max Gauntlet IV Gloves Junior - Children to Youths,Gordini,27.95,0,3.1,18,kids,2020-10-17
MEC Midweight Underwear Crew - Children,MEC,27.95,0,4.2,20,kids,2020-10-17
Sorel Flurry TP Winter Boots - Children to Youths,Sorel,75,0,4.7,66,kids,2020-10-17
Bridgedale Merino Ski Socks 2 Pack - Children to Youths,Bridgedale,28.95,0,3.6,5,kids,2020-10-17
Gregory Icarus 40 Pack - Youths,Gregory,119.96,25,4.7,3,kids,2020-10-17
Stasher Reusable Snack Bag,Stasher,11.95,0,4.9,507,kids,2020-10-17
Columbia Powderbug Forty Boots - Youths,Columbia,79.95,0,3.9,28,kids,2020-10-17
MEC Slopetime Gloves - Children to Youths,MEC,15.95,0,0,0,kids,2020-10-17
Reima Beringer Down Jacket - Children to Youths,Reima,179.95,0,0,0,kids,2020-10-17
MEC Isos Pack - Unisex,MEC,84.95,0,3.6,10,kids,2020-10-17
Burley Ski Kit - Children,Burley,259.95,0,4,4,kids,2020-10-17
Baffin Ice Castle Winter Boots - Children,Baffin,54.95,0,4.2,4,kids,2020-10-17
Kombi Candy Man Socks - Children to Youths,Kombi,14.95,0,0,0,kids,2020-10-17
Outdoor Research Ninjaclava - Children to Youths,Outdoor Research,29.95,0,4,8,kids,2020-10-17
Zamberlan Quantum GTX Boots - Children to Youths,Zamberlan,129.95,0,4.6,14,kids,2020-10-17
Kamik Snowbug 4 Boots - Infants,Kamik,54.95,0,3.6,5,kids,2020-10-17
MEC Heritage Rain Hat - Children,MEC,16.94,41,0,0,kids,2020-10-17
The North Face Reversible Mossbud Swirl Jacket - Girls' - Children,The North Face,79.97,20,0,0,kids,2020-10-17
Patagonia 4-in-1 Everyday Jacket - Girls' - Children to Youths,Patagonia,209,0,5,1,kids,2020-10-17
Hydro Flask 354ml Wide Mouth Kids Bottle - Children to Youths,Hydro Flask,35.95,0,4.1,103,kids,2020-10-17
Nalgene MEC Facing Sunrise Widemouth Bottle,Nalgene,16.95,0,0,0,kids,2020-10-17
Smartwool Hike Medium Margarita Crew Socks - Children to Youths,Smartwool,16.95,0,0,0,kids,2020-10-17
Sombrio Grom's Prodigy Gloves - Children to Youths,Sombrio,27.95,0,3,2,kids,2020-10-17
Wigwam Merino Comfort Hiker Socks 2-Pack - Children to Youths,Wigwam,24.95,0,0,0,kids,2020-10-17
MEC Movement Joggers - Boys' - Youths,MEC,26.94,40,0,0,kids,2020-10-17
MEC Midweight Underwear Crew - Youths,MEC,19.58,44,4.7,11,kids,2020-10-17
Sorel Cumberland Winter Boots - Youths,Sorel,79.95,0,0,0,kids,2020-10-17
Slackers Ninjaline 36' Intro Kit with 7 Obstacles,Slackers,129.95,0,4,2,kids,2020-10-17
MEC Merino Long Sleeve Crew - Infants,MEC,34.95,0,4,3,kids,2020-10-17
MEC Merino Leggings - Infants,MEC,29.95,0,0,0,kids,2020-10-17
Jansport Agave Daypack - Unisex,Jansport,51.93,35,4,3,kids,2020-10-17
MEC Ursus Jacket - Infants,MEC,34.95,0,4.8,15,kids,2020-10-17
Nalgene On-The-Fly Bottle 650ml,Nalgene,14.95,0,4.1,40,kids,2020-10-17
Patagonia Refugio Pack 26L - Women's,Patagonia,109,0,4.5,6,kids,2020-10-17
The North Face Glacier Full Zip Hoodie - Children,The North Face,39.97,20,1,1,kids,2020-10-17
Kombi Candy Man Hat - Children,Kombi,22.95,0,0,0,kids,2020-10-17
Teva Hurricane XLT 2 Sandals - Children to Youths,Teva,64.95,0,4.6,709,kids,2020-10-17
The North Face Glacier Quarter Snap - Girls' - Youths,The North Face,59.99,0,0,0,kids,2020-10-17
Kamik Stomp Rain Boots - Children to Youths,Kamik,32.95,0,3.7,3,kids,2020-10-17
Cotopaxi Batac 16L Pack - Del Dia - Unisex,Cotopaxi,79.95,0,4.7,6,kids,2020-10-17
MEC Bambini Bottoms - Infants,MEC,19.95,0,4.8,16,kids,2020-10-17
Timbuk2 Spire Pack - Unisex,Timbuk2,91.94,20,4.3,204,kids,2020-10-17
Kombi Reflective Pompom Hat - Children,Kombi,29.95,0,1,1,kids,2020-10-17
Kala Brand Music Co Waterman Ukulele,Kala,73.95,0,5,4,kids,2020-10-17
Sunday Afternoons Play Hat - Children to Youths,Sunday Afternoons,34.95,0,4.9,354,kids,2020-10-17
The North Face Faroe Beanie - Infants,The North Face,34.99,0,0,0,kids,2020-10-17
MEC Ursus Pants - Infants,MEC,24.95,0,4.3,3,kids,2020-10-17
MEC Jaden Short Sleeve T-Shirt - Children,MEC,11.93,40,4.2,4,kids,2020-10-17
Kombi Baby Animal Socks - Infants,Kombi,6.98,50,0,0,kids,2020-10-17
MEC Sunnyday Joggers - Infants,MEC,12.94,48,3.7,3,kids,2020-10-17
MEC Cozy Hoodie - Children,MEC,34.95,0,5,1,kids,2020-10-17
MEC Scout Convertible Pants - Boys' - Youths,MEC,34.94,45,5,3,kids,2020-10-17
Reima Kipina Reimatec Winter Overall - Children to Youths,Reima,239.95,0,0,0,kids,2020-10-17
Patagonia Hi-Loft Down Sweater Hoody - Infants to Children,Patagonia,159,0,3.2,5,kids,2020-10-17
Kombi Original Gloves - Children,Kombi,34.95,0,2.8,4,kids,2020-10-17
Patagonia Refugio Pack 28L - Unisex,Patagonia,110,0,4.8,5,kids,2020-10-17
Reima Huurre Merino Wool Fleece Lined Beanie - Children to Youths,Reima,39.95,0,5,1,kids,2020-10-17
Gordini Striker Mitts - Infants to Children,Gordini,24.95,0,2.7,14,kids,2020-10-17
Buff Filter Masks - Youths,Buff,39.95,0,3.3,3,kids,2020-10-17
Gordini Tiptop Junior Gloves - Children to Youths,Gordini,45,0,0,0,kids,2020-10-17
Vasque St Elias Ultradry Boots - Children to Youths,Vasque,99.95,0,3.1,7,kids,2020-10-17
Nalgene MEC S'more Adventure Widemouth Bottle,Nalgene,16.95,0,5,1,kids,2020-10-17
Smartwool Wintersport Stripe Socks - Children to Youths,Smartwool,19.95,0,0,0,kids,2020-10-17
Nalgene 500ml Everyday Narrow-Mouth Water Bottle,Nalgene,12.25,0,5,8,kids,2020-10-17
The North Face Glacier Full Zip Hoodie - Infants,The North Face,44.99,20,4.5,2,kids,2020-10-17
WrightSock Coolmesh II Crew Socks - Children to Youths,WrightSock,14.95,0,3,2,kids,2020-10-17
UGG Butte II CWR Boots - Children to Youths,UGG,159.95,0,4.9,165,kids,2020-10-17
MEC Roaster Mitts - Infants,MEC,12.95,0,2.7,3,kids,2020-10-17
Osprey Daylite Backpack - Youths,Osprey,45,25,3,2,kids,2020-10-17
Timbuk2 Scholar Tote Pack - Unisex,Timbuk2,74.93,35,0,0,kids,2020-10-17
Kombi Animal Family Socks - Children,Kombi,14.95,0,1,1,kids,2020-10-17
Timberland Chillberg Waterproof Mid Insulated Boots - Children to Youths,Timberland,114.95,0,4.5,17,kids,2020-10-17
Vasque Breeze AT Ultradry Hiking Boots - Children to Youths,Vasque,94.95,0,1,4,kids,2020-10-17
MEC Explorer Pants - Girls' - Youths,MEC,38.97,53,2,1,kids,2020-10-17
Humangear GoTubb 86ml 3-Pack,Humangear,12.95,0,4,1272,kids,2020-10-17
MEC Wanderlust Tights - Girls' - Children,MEC,20.94,40,0,0,kids,2020-10-17
Kombi Little Dreamer Children Hat - Children,Kombi,11.18,60,5,1,kids,2020-10-17
Reima Lappi Reimatec Winter Overall - Infants to Children,Reima,194.95,0,0,0,kids,2020-10-17
Smartwool Ski Racer Socks - Children to Youths,Smartwool,24.95,0,0,0,kids,2020-10-17
MEC Easy Breezy Sun Suit - Infants to Children,MEC,19.93,50,0,0,kids,2020-10-17
MEC 24 Hr Pack - Unisex,MEC,79.95,0,4.8,5,kids,2020-10-17
Reima Starrie Merino Balaclava - Infants to Children,Reima,49.95,0,0,0,kids,2020-10-17
Outdoor Research Flurry Sensor Gloves - Youths,Outdoor Research,28.95,0,4.7,6,kids,2020-10-17
Reima Heiberg Down Jacket - Children to Youths,Reima,179.95,0,0,0,kids,2020-10-17
Bula Picaso Beanie - Children to Youths,Bula,27.95,0,0,0,kids,2020-10-17
Patagonia Reversible Tribbles Pants - Infants to Children,Patagonia,75,0,0,0,kids,2020-10-17
MEC Bambini Pullover - Infants,MEC,27.95,0,4.2,5,kids,2020-10-17
Klean Kanteen Kid Vacuum Classic Sport Cap,Klean Kanteen,34.95,0,4.6,110,kids,2020-10-17
Thule Urban Glide 2 Double Stroller - Infants to Children,Thule,849.95,0,4.5,36,kids,2020-10-17
United By Blue Short Sleeve Graphic T-Shirt - Children,United,11.94,52,0,0,kids,2020-10-17
Pocket Disc Sport Edition,Pocket Disc,18,0,4.2,769,kids,2020-10-17
Klean Kanteen Kid Classic Sippy Cap,Klean Kanteen,24.95,0,4.6,100,kids,2020-10-17
MEC Skylight UPF Long Sleeve T-Shirt - Infants,MEC,9.93,50,5,1,kids,2020-10-17
MEC Guide Convertible Pants - Girls' - Youths,MEC,41.97,40,0,0,kids,2020-10-17
Polar Bottle Insulated Water Bottle 350ml,Polar Bottle,12.95,0,3.7,3,kids,2020-10-17
Kombi Camp Socks - Children to Youths,Kombi,14.95,0,0,0,kids,2020-10-17
Chaos Multi Tubular Headwear - Children to Youths,Chaos,8.94,40,2.7,3,kids,2020-10-17
The North Face Jr Hedgehog Hiker II Mid WP - Youths,The North Face,99.99,0,3.5,2,kids,2020-10-17
Timbuk2 Hero Pack - Unisex,Timbuk2,94.95,0,4,2,kids,2020-10-17
MEC Scout Shorts - Boys' - Youths,MEC,23.93,47,5,1,kids,2020-10-17
Darn Tough Light Hiker Junior Micro Crew Socks - Youths,Darn Tough,16.95,0,5,1,kids,2020-10-17
Wigwam Pikes Peak Pro Socks - Children to Youths,Wigwam,14.95,0,0,0,kids,2020-10-17
MEC Wanderer Organic Short Sleeve T-Shirt - Girls' - Youths,MEC,7.93,60,0,0,kids,2020-10-17
Bula ZigZag Beanie - Girls' - Children,Bula,22.95,0,0,0,kids,2020-10-17
MEC Bambini Toque - Infants,MEC,12.95,0,4.9,11,kids,2020-10-17
The North Face Freedom Insulated Pants - Girls' - Youths,The North Face,129.99,0,0,0,kids,2020-10-17
Reima Sprig Reimatec Reflective Winter Jacket - Children to Youths,Reima,219.95,0,0,0,kids,2020-10-17
Kombi Daredevil Gloves - Children,Kombi,44.95,0,0,0,kids,2020-10-17
Outdoor Research Rambler Sombrero - Children to Youths,Outdoor Research,18.94,43,4.7,23,kids,2020-10-17
MEC Skylight UPF Long Sleeve T-Shirt - Girls' - Youths,MEC,14.94,47,4,1,kids,2020-10-17
MEC Hashtag Sunglasses - Youths,MEC,34.95,40,5,6,kids,2020-10-17
Kombi Merino Blend Crew Top - Children,Kombi,49.95,0,0,0,kids,2020-10-17
Kombi La Canadienne Mitts - Children to Youths,Kombi,34.95,0,0,0,kids,2020-10-17
Keen Targhee Mid Waterproof Shoes - Boys' - Children to Youths,Keen,94.95,0,3.3,3,kids,2020-10-17
MEC Whiteout Bandana - Children to Youths,MEC,9.95,0,0,0,kids,2020-10-17
WrightSock Escape Crew Socks - Children to Youths,WrightSock,15.95,0,3,2,kids,2020-10-17
Thule Child Trailer Axle Mount ezHitch - Children,Thule,59.95,0,4,2,kids,2020-10-17
MEC Shadow Short Sleeve Sun Shirt - Children,MEC,14.93,40,0,0,kids,2020-10-17
The North Face Glacier 1/4 Snap - Children,The North Face,35.97,20,0,0,kids,2020-10-17
The North Face Montana Gore-Tex Mitts - Youths,The North Face,59.99,0,1,1,kids,2020-10-17
United By Blue 3/4 Sleeve Baseball T-Shirt - Youths,United,11.94,52,0,0,kids,2020-10-17
MEC Discovery Pack - Children to Youths,MEC,129.95,0,5,4,kids,2020-10-17
Nalgene MEC Speed Stream Widemouth Bottle,Nalgene,16.95,0,0,0,kids,2020-10-17
The North Face Camplayer Fleece Hoodie - Girls' - Youths,The North Face,95.97,20,5,1,kids,2020-10-17
MEC Journey Short Sleeve T-Shirt - Youths,MEC,13.97,30,5,1,kids,2020-10-17
Outside Inside Backpack Cribbage with Playing Cards,Outside Inside,21.95,0,4,4,kids,2020-10-17
The North Face Recon Daypack - Unisex,The North Face,119.99,0,4,4,kids,2020-10-17
MEC Trekker Sunglasses - Infants,MEC,10.95,40,4.2,5,kids,2020-10-17
Patagonia Snowbelle Jacket - Girls' - Youths,Patagonia,249,0,4,1,kids,2020-10-17
Luumi Platinum Silicone Bag,Luumi,11.94,25,5,3,kids,2020-10-17
Freewaters Supreem Scout Sandals - Children to Youths,Freewaters,12.93,57,4,1,kids,2020-10-17
MEC Skylight UPF Hoodie - Infants,MEC,9.93,55,0,0,kids,2020-10-17
MEC Ryan Sunglasses - Children to Youths,MEC,13.95,0,3.3,3,kids,2020-10-17
Darn Tough Via Ferrata Junior Micro Crew - Children to Youths,Darn Tough,17.95,0,4.8,4,kids,2020-10-17
MEC Chinook Sunglasses - Children,MEC,12.95,0,4.7,11,kids,2020-10-17
The North Face Montana Gore-Tex Gloves - Youths,The North Face,64.99,0,0,0,kids,2020-10-17
MEC Sunnyday Shorts - Infants,MEC,8.93,53,3.5,2,kids,2020-10-17
The North Face Glacier Full Zip Hoodie - Girls' - Youths,The North Face,64.99,20,0,0,kids,2020-10-17
Merrell Chameleon 7 Access Mid A/C Waterproof Shoes - Children to Youths,Merrell,84.95,0,4,8,kids,2020-10-17
Nite Ize NiteHowl LED Rechargeable Safety Necklace,Nite Ize,24.95,0,4.5,17,kids,2020-10-17
Kavat Yxhult XC Winter Boots - Infants,Kavat,62.38,52,0,0,kids,2020-10-17
Darn Tough Hiker Junior 1/4 Socks - Youths,Darn Tough,15.95,0,4.7,3,kids,2020-10-17
Bogs Classic Waterproof Insulated Boots - Children to Youths,Bogs,99.95,0,5,3,kids,2020-10-17
MEC Sunnyday Shorts - Children,MEC,26.95,56,4.5,2,kids,2020-10-17
Light My Fire Snap Box Oval BIO,Light,8.94,25,0,0,kids,2020-10-17
Kombi B3 Cozy Fleece Set Junior - Children,Kombi,59.95,0,0,0,kids,2020-10-17
The North Face Freedom Triclimate - Youths,The North Face,219.99,0,0,0,kids,2020-10-17
Shotgun Kids Front Mounted Bike Seat - Youths,Shotgun Kids,219.95,0,0,0,kids,2020-10-17
Stojo Collapsible Biggie Cup,Stojo,24.95,0,4,4,kids,2020-10-17
Columbia Newton Ridge Suede Boots - Children to Youths,Columbia,89.95,0,5,2,kids,2020-10-17
Aerobie Aerobie Superdisc,Aerobie,19.95,0,0,0,kids,2020-10-17
Patagonia Logo Beanie - Children to Youths,Patagonia,35,0,0,0,kids,2020-10-17
Aerobie Sprint Ring,Aerobie,10.5,0,0,0,kids,2020-10-17
Reima Riggu Reimatec Reflective Mittens - Children to Youths,Reima,64.95,0,0,0,kids,2020-10-17
The North Face Oh-Mega Fur Pom Beanie - Youths,The North Face,39.99,0,0,0,kids,2020-10-17
Reima Bulo Reflective Beanie - Children to Youths,Reima,49.95,0,0,0,kids,2020-10-17
Osprey Ace 38 Backpack - Youths,Osprey,199.95,0,0,0,kids,2020-10-17
Keen Terradora Low Waterproof Shoes - Youths,Keen,84.95,0,3.5,2,kids,2020-10-17
MEC Zero Day Cotton Cap - Youths,MEC,6.93,57,0,0,kids,2020-10-17
MEC Mako (ALS) Sunglasses - Children to Youths,MEC,29.95,0,1.6,14,kids,2020-10-17
Aerobie Pro Ring,Aerobie,14.5,0,5,1,kids,2020-10-17
Osprey Poco Raincover,Osprey,49.95,0,0,0,kids,2020-10-17
Kombi Craze Hat - Children,Kombi,24.95,0,5,1,kids,2020-10-17
MEC Explorer Summertime Shorts - Boys' - Youths,MEC,34.95,46,5,1,kids,2020-10-17
New Balance Fuelcore Reveal Running Shoes - Children to Youths,New Balance,79.95,0,0,0,kids,2020-10-17
Polar Feet Snugs Slippers for Kids - Children to Youths,Polar Feet,19.98,60,0,0,kids,2020-10-17
Burley Honey Bee Trailer - Infants to Children,Burley,499.95,0,4.8,146,kids,2020-10-17
MEC Deven Sunglasses K - Children,MEC,9.95,0,2,1,kids,2020-10-17
MEC Kaiden Sunglasses - Children,MEC,14.95,0,0,0,kids,2020-10-17
MEC Shadow Sun Shorts - Children,MEC,9.93,53,2.7,3,kids,2020-10-17
MEC Bloom Sunglasses - Children,MEC,13.95,0,0,0,kids,2020-10-17
United By Blue Short Sleeve Graphic T-shirt - Children to Youths,United,11.94,52,0,0,kids,2020-10-17
Hydrapak Stow 500mL,Hydrapak,20.95,0,2.1,7,kids,2020-10-17
The North Face Warm Storm Jacket - Girls' - Infants to Children,The North Face,99.99,0,0,0,kids,2020-10-17
Outside Inside Backpack Racket Set,Outside Inside,37.95,0,5,1,kids,2020-10-17
The North Face Recon Squash Daypack - Youths,The North Face,41.94,30,4,2,kids,2020-10-17
Bogs Rain Boots - Youths,Bogs,49.95,0,2,1,kids,2020-10-17
Kombi Sherpa Socks - Children to Youths,Kombi,27.95,0,5,1,kids,2020-10-17
Thule Cadence 2 Child Trailer - Children,Thule,399.95,0,4.9,7,kids,2020-10-17
Patagonia Reversible Tribbles Hoody - Infants to Children,Patagonia,125,0,0,0,kids,2020-10-17
The North Face Corded Ball Cap - Youths,The North Face,16.93,52,0,0,kids,2020-10-17
Keen Terradora Mid Waterproof Boots - Youths,Keen,89.95,0,0,0,kids,2020-10-17
Aerobie Squidgie Disc,Aerobie,10,0,4.3,3,kids,2020-10-17
MEC Skylight UPF Long Sleeve T-Shirt - Boys' - Youths,MEC,14.94,47,4,2,kids,2020-10-17
MEC Zigzag Bike Shorts - Youths,MEC,42.95,0,4,2,kids,2020-10-17
Speedo Tidal Cruiser Water Shoes - Children to Youths,Speedo,24.95,0,5,1,kids,2020-10-17
WrightSock Coolmesh II Low Socks - Children to Youths,WrightSock,13.95,0,3.5,2,kids,2020-10-17
Gordini Snugget Mitts - Children,Gordini,34.95,39,4.3,3,kids,2020-10-17
Runners Wooden Push Bicycle - Children,Runners,139.95,0,4.4,87,kids,2020-10-17
Bogs Arcata Knit Boots - Youths,Bogs,129.95,0,0,0,kids,2020-10-17
MEC Campfire Jacket - Infants,MEC,19.94,33,0,0,kids,2020-10-17
Darn Tough Kelso Junior Micro Crew Socks - Youths,Darn Tough,16.95,0,0,0,kids,2020-10-17
Fjallraven Raven 28L Backpack - Unisex,Fjallraven,129.95,0,3,7,kids,2020-10-17
MEC Shadow Long Sleeve Sun Shirt - Youths,MEC,19.94,33,0,0,kids,2020-10-17
MEC Movement Shorts - Girls' - Youths,MEC,34.95,0,3.7,3,kids,2020-10-17
Thule Chariot Baby Supporter - Infants,Thule,69.95,0,3.3,3,kids,2020-10-17
MEC Shadow Long Sleeve Sun Shirt - Infants,MEC,12.93,41,5,1,kids,2020-10-17
Outdoor Research Sun Runner Cap - Infants to Youths,Outdoor Research,18.94,43,4.7,11,kids,2020-10-17
The North Face Camplayer Fleece Cardigan - Girls' - Youths,The North Face,65.94,40,0,0,kids,2020-10-17
Cannondale 2020 Trail 12in. Bicycle - Children to Youths,Cannondale,280,0,0,0,kids,2020-10-17
Osprey Ace 50 Backpack - Youths,Osprey,229.95,0,0,0,kids,2020-10-17
MEC Sunnyday Field Hat - Children,MEC,9.93,64,0,0,kids,2020-10-17
Smartwool Wintersport Yetti Betty Socks - Youths,Smartwool,19.95,0,0,0,kids,2020-10-17
Kombi Estelle Junior Mitts - Children,Kombi,59.95,0,0,0,kids,2020-10-17
New Balance Fresh Foam Tempo Shoes - Youths,New Balance,59.94,33,0,0,kids,2020-10-17
Reima Silda Reimatec Reflective Winter Jacket - Children to Youths,Reima,219.95,0,0,0,kids,2020-10-17
Patagonia Nano Puff Jacket - Infants to Children,Patagonia,99,0,0,0,kids,2020-10-17
WrightSock Coolmesh II Quarter Socks - Children,WrightSock,13.95,0,0,0,kids,2020-10-17
The North Face Spur Trail Shorts - Boys' - Youths,The North Face,29.94,49,5,1,kids,2020-10-17
MEC Shadow Sun Suit - Infants,MEC,18.93,46,4.2,13,kids,2020-10-17
UGG Keelan Infant Boots - Infants,UGG,64.95,0,4.9,79,kids,2020-10-17
Burley Minnow Trailer - Infants to Children,Burley,369.95,0,4.8,81,kids,2020-10-17
Darn Tough Three Peak Junior Micro Crew Socks - Youths,Darn Tough,16.95,0,0,0,kids,2020-10-17
Thule Glide 1/UG 1/2 Car Seat Adapter - Infants to Children,Thule,89.95,0,5,3,kids,2020-10-17
MEC Junior Gaiters - Children to Youths,MEC,17.95,0,4,6,kids,2020-10-17
Sunday Afternoons Reversible Snowflip Cap - Children,Sunday Afternoons,31.95,0,0,0,kids,2020-10-17
Cannondale 2020 Kids Trail Balance Bicycle - Children,Cannondale,250,0,0,0,kids,2020-10-17
TYR T100B Vaporback with Shelf Bra - Girls' - Youths,TYR,44.95,0,5,2,kids,2020-10-17
Reima Fidzi SunProof Swim Shorts - Children to Youths,Reima,29.94,33,0,0,kids,2020-10-17
Reima Maracuya Sunproof UPF Swim Overalls - Infants,Reima,29.93,50,0,0,kids,2020-10-17
TYR T344 Maxfit Suit - Girls' - Children to Youths,TYR,44.95,0,5,1,kids,2020-10-17
MEC Shuttlecraft Rain Cover - Infants to Children,MEC,28.95,0,0,0,kids,2020-10-17
STABILicers Walk Traction Device - Children,STABILicers,29.95,0,2,1,kids,2020-10-17
Platypus SoftBottle Push Pull Cap,Platypus,10.95,0,0,0,kids,2020-10-17
Sunday Afternoons Fun Bucket Hat - Children to Youths,Sunday Afternoons,34.95,0,4.9,65,kids,2020-10-17
Smartwool Bootie Batch Socks - Infants,Smartwool,11.93,52,1,2,kids,2020-10-17
Ambler Faces Hat - Children to Youths,Ambler,16.93,49,2.3,3,kids,2020-10-17
MEC Newbie Sunglasses - Infants to Children,MEC,10.95,0,4,1,kids,2020-10-17
Outside Inside Backpack Bocce,Outside Inside,20.95,0,4.9,7,kids,2020-10-17
MEC Riley Sunglasses - Infants,MEC,10.95,0,4,3,kids,2020-10-17
Osprey Jet 12 Pack - Children,Osprey,69.95,0,0,0,kids,2020-10-17
UGG Turlock Waterproof Boots - Children to Youths,UGG,124.95,0,5,10,kids,2020-10-17
MEC Cozy Ear Warmer Headband - Infants to Children,MEC,3.98,60,0,0,kids,2020-10-17
Deuter KC Sun Roof - Infants,Deuter,37.95,0,3,2,kids,2020-10-17
Rumpl Beer Blanket Coozy,Rumpl,7.95,0,0,0,kids,2020-10-17
MEC Sunnyday Surfari Sun Hat - Infants,MEC,7.93,67,0,0,kids,2020-10-17
Runners Junior Push Bicycle - Children,Runners,89.95,0,4.5,35,kids,2020-10-17
Bridgedale Merino Ski Socks Mountain Junior - Children to Youths,Bridgedale,17.95,0,0,0,kids,2020-10-17
Freewaters Supreem Flip Sandals - Children to Youths,Freewaters,11.93,57,0,0,kids,2020-10-17
Stonz Sun Suit - Infants to Children,Stonz,29.93,40,3.7,3,kids,2020-10-17
Patagonia Baby Down Sweater - Infants to Children,Patagonia,125,0,0,0,kids,2020-10-17
Saucony Peregrine 10 Shield Shoes - Children,Saucony,74.95,33,0,0,kids,2020-10-17
Thule Chariot Strolling Kit - Children,Thule,129.95,0,2.8,4,kids,2020-10-17
Outside Inside Backpacker's Tumbling Tower,Outside Inside,18.95,0,0,0,kids,2020-10-17
Bogs Neo Classic Waterproof Insulated Boots - Children to Youths,Bogs,109.95,0,0,0,kids,2020-10-17
Deuter Climber Backpack - Children to Youths,Deuter,99.95,0,5,1,kids,2020-10-17
Platypus DuoLock Soft Bottle 750ml,Platypus,14.95,0,0,0,kids,2020-10-17
Wigwam 40 Below II Socks Junior - Children to Youths,Wigwam,14.95,0,0,0,kids,2020-10-17
Kavu Posh Nosh Lunch Box,Kavu,39.95,0,0,0,kids,2020-10-17
Gentlemen's Hardware Campfire Poker Game Set,Gentlemen's Hardware,39.95,0,0,0,kids,2020-10-17
The North Face Shellista Extreme Boots - Youths,The North Face,99.99,0,0,0,kids,2020-10-17
MEC Sunnyday Bucket Hat - Infants,MEC,8.93,59,0,0,kids,2020-10-17
Outside Inside Freestyle Soft Bocce,Outside Inside,37.95,0,0,0,kids,2020-10-17
Speedo Tidal Cruiser Water Shoes - Children to Youths,Speedo,19.95,0,0,0,kids,2020-10-17
Abeego Medium Beeswax Food Wrap,Abeego,17.95,0,0,0,kids,2020-10-17
Outside Inside Backpack Chess,Outside Inside,17.95,0,0,0,kids,2020-10-17
The North Face Mudder Trucker - Youths,The North Face,17.93,49,0,0,kids,2020-10-17
Dust City Wood Stickers I Am Most Alive Among The Tall Trees Maple Wood Sticker,Dust,7.95,0,0,0,kids,2020-10-17
Kavu Lunch Box,Kavu,34.95,0,0,0,kids,2020-10-17
Thule Chariot Infant Sling - Lite/Cross,Thule,119.95,0,0,0,kids,2020-10-17
Burley Trailer Storage Bag - Children,Burley,79.95,0,4.1,8,kids,2020-10-17
Salomon XA Pro 3D Shoes - Children to Youths,Salomon,79.95,0,3.9,12,kids,2020-10-17
Fixe Bridges Kids Climbing Wall Kit - Children to Youths,Fixe,84.95,0,0,0,kids,2020-10-17
Fjallraven Vardag 25 Backpack,Fjallraven,84.95,0,0,0,kids,2020-10-17
Sunday Afternoons Kids Sun Chaser Cap - Youths,Sunday Afternoons,19.93,43,4,2,kids,2020-10-17
The North Face Ski Tuke - Youths,The North Face,29.99,0,0,0,kids,2020-10-17
MEC Aria Sunglasses - Youths,MEC,29.95,0,0,0,kids,2020-10-17
The North Face Infant Reversible Breezeway Wind Jacket - Infants to Children,The North Face,63.97,20,0,0,kids,2020-10-17
Thule Child Carrier Storage Cover - Children,Thule,79.95,0,0,0,kids,2020-10-17
Race Face Sendy Shorts - Youths,Race Face,79.95,0,0,0,kids,2020-10-17
Outside Inside Backpack 4-in-a-Row,Outside Inside,12.95,0,0,0,kids,2020-10-17
Wigwam Aldan Lite Crew Socks - Children to Youths,Wigwam,14.95,0,0,0,kids,2020-10-17
Kombi Car Family Hat - Children,Kombi,28.95,0,0,0,kids,2020-10-17
UCO Bamboo Elements Mess Kit 5 Piece,UCO,26.95,0,5,1,kids,2020-10-17
Outside Inside Backpack Backgammon,Outside Inside,17.95,0,0,0,kids,2020-10-17
Thule Organizer Sport,Thule,69.95,0,4,4,kids,2020-10-17
MEC Myles Sunglasses - Children,MEC,12.95,0,1,1,kids,2020-10-17
Reima Athens Dress - Youths,Reima,25.93,42,0,0,kids,2020-10-17
Keen Chandler CNX Shoes - Children to Youths,Keen,74.95,0,3.6,14,kids,2020-10-17
New Balance Fuelcore Nitrel Off Road Shoes - Children to Youths,New Balance,69.95,0,0,0,kids,2020-10-17
New Balance Fuelcore Nitrel v4 Shoes - Children to Youths,New Balance,69.95,0,0,0,kids,2020-10-17
Reef Little Ahi Convertible Sandals - Infants to Youths,Reef,24.47,30,0,0,kids,2020-10-17
Humangear GoTubb Large 2 Pack,Humangear,14.95,0,5,1,kids,2020-10-17
Thule Child Trailer Syntace X-12 Axle Adapter - Children,Thule,64.95,0,4,1,kids,2020-10-17
Race Face Sendy Long Sleeve Jersey - Youths,Race Face,64.95,0,0,0,kids,2020-10-17
Keen Seacamp ll CNX Sandals - Youths,Keen,64.95,0,0,0,kids,2020-10-17
Dust City Wood Stickers I Love Camping Beary Much Maple Wood Sticker,Dust,7.95,0,0,0,kids,2020-10-17
Outside Inside Backpack Harmonica,Outside Inside,19.95,0,0,0,kids,2020-10-17
Reima Vilkku Reimatec Reflective Mittens - Infants to Children,Reima,59.95,0,0,0,kids,2020-10-17
Thule Cheetah 1 Rain Cover - Infants to Children,Thule,59.93,25,0,0,kids,2020-10-17
Merrell Outback Mid Boots - Infants to Children,Merrell,59.95,0,3.3,3,kids,2020-10-17
The North Face Reversible Mossbud Swirl Jacket - Girls' - Children to Youths,The North Face,139.99,0,4,1,kids,2020-10-17
Thule Glide 1 and Urban Glide 1 Rain Cover for Single Child Trailers - Infants to Children,Thule,59.95,0,4.5,2,kids,2020-10-17
The North Face BABY BRIMMER - Infants,The North Face,16.93,52,3,1,kids,2020-10-17
Abeego Large Beeswax Food Wrap,Abeego,17.95,0,0,0,kids,2020-10-17
Wigwam Highline Socks - Children to Youths,Wigwam,14.95,0,0,0,kids,2020-10-17
Saucony Jazz Riff Washable Shoes - Children,Saucony,49.95,0,3.7,3,kids,2020-10-17
MEC Skylight UPF Hoodie - Children,MEC,13.93,48,4,3,kids,2020-10-17
Outdoor Research Solstice Sun Bucket - Children,Outdoor Research,14.93,50,4,1,kids,2020-10-17
TYR Diamondfit Swim Suit - Girls' - Youths,TYR,44.95,0,0,0,kids,2020-10-17
Sombrio Grom's SE Alder Jersey - Girls' - Youths,Sombrio,44.95,0,0,0,kids,2020-10-17
Outside Inside SUP Cribbage Board,Outside Inside,44.95,0,0,0,kids,2020-10-17
Kombi Storm Junior Gloves - Children,Kombi,59.95,0,0,0,kids,2020-10-17
Outside Inside Roll-up 5 in 1 Travel Game Set,Outside Inside,31.95,0,4.4,5,kids,2020-10-17
Level Six Slater Long Sleeve Rashguard - Boys' - Children to Youths,Level Six,39.95,0,0,0,kids,2020-10-17
Outside Inside Canoe Cribbage Board,Outside Inside,39.95,0,0,0,kids,2020-10-17
Reima Hazy Beanie - Children to Youths,Reima,39.95,0,0,0,kids,2020-10-17
Timberland Toddler Tracks Hook-And-Loop Boots - Children,Timberland,64.95,0,4.9,21,kids,2020-10-17
United By Blue Patch - Lead the Way,United,9,0,0,0,kids,2020-10-17
Kombi Merino Blend Bottoms - Children,Kombi,54.95,0,0,0,kids,2020-10-17
Dust City Wood Stickers Buffalo Roam Maple Wood Sticker,Dust,7.95,0,0,0,kids,2020-10-17
Keen Newport H2 Sandals - Children to Youths,Keen,69.95,44,4.6,27,kids,2020-10-17
Outside Inside Freestyle Lawn Darts,Outside Inside,31.95,0,0,0,kids,2020-10-17
The North Face Aphrodite Capri - Girls' - Youths,The North Face,31.94,47,0,0,kids,2020-10-17
Stonz Bucket Hat - Children to Youths,Stonz,15.93,50,0,0,kids,2020-10-17
MEC Explorer Stretch Shorts - Children,MEC,34.95,0,4.7,3,kids,2020-10-17
Native Charley Child Sandals - Infants to Children,Native,39.95,0,0,0,kids,2020-10-17
Outside Inside Freestyle Delta Kite,Outside Inside,24.95,0,0,0,kids,2020-10-17
The North Face Class V Water Shorts - Girls' - Youths,The North Face,23.94,40,0,0,kids,2020-10-17
Wheat Lars Sweat Shorts - Children to Youths,Wheat,21.93,51,0,0,kids,2020-10-17
WrightSock Coolmesh II Crew 2-pack - Children,WrightSock,19.95,0,0,0,kids,2020-10-17
Waboba Wingman Foldable Pocket Disc,Waboba,11.95,0,5,2,kids,2020-10-17
Wigwam Moarri Midweights - Children to Youths,Wigwam,18,0,0,0,kids,2020-10-17
United By Blue Out-Of-Doors Candles Surf,United,15,0,0,0,kids,2020-10-17
Kikkerland Retro Copper Bottle Opener,Kikkerland,9.71,25,0,0,kids,2020-10-17
United By Blue No Place Enamel Pin - Unisex,United,9,31,0,0,kids,2020-10-17
United By Blue Patch - Home on the Range,United,9,0,0,0,kids,2020-10-17
MEC Happytrails Rain/Sun Hood - Infants to Children,MEC,5.96,25,0,0,kids,2020-10-17
"Burley Floor Mat, Single - Children",Burley,41.97,30,5,7,kids,2020-10-17
Deuter Fox 40 Backpack - Youths,Deuter,164.95,0,4.9,7,kids,2020-10-17
Sorel Yoot Pac TP Winter Boots - Youths,Sorel,109.95,0,5,6,kids,2020-10-17
Level Six Aurora/Apollo Rashguard Onesie - Infants to Children,Level Six,44.95,0,5,4,kids,2020-10-17
Gregory Icarus 30 Pack - Youths,Gregory,149.95,0,5,3,kids,2020-10-17
Outside Inside Backpack Table Tennis Set,Outside Inside,37.95,0,4.7,3,kids,2020-10-17
Slackline Industries Play Line 15M/50ft,Slackline Industries,105,0,5,2,kids,2020-10-17
Thule Chariot Padding 1 - Lite/Cross,Thule,59.95,0,4.5,2,kids,2020-10-17
Level Six Stella Long Sleeve Rashguard - Girls' - Infants to Youths,Level Six,39.95,0,5,1,kids,2020-10-17
Native Jefferson EVA Shoes - Children,Native,44.95,0,5,1,kids,2020-10-17
Thule Chariot Padding 2 - Lite/Cross,Thule,74.95,0,5,1,kids,2020-10-17
Level Six Juniper Neoprene Watershoes - Children,Level Six,23.95,0,5,1,kids,2020-10-17
Outside Inside Freestyle Battle Disk,Outside Inside,64.95,0,4,1,kids,2020-10-17
Xcel Reef Walker 1mm Neoprene Boots - Children,Xcel,29.95,0,4,1,kids,2020-10-17
Cannondale 2020 Trail Single-Speed 16in. Bicycle - Children to Youths,Cannondale,320,0,4,1,kids,2020-10-17
Sombrio Grom's Badass Shorts - Youths,Sombrio,79.95,0,0,0,kids,2020-10-17
BOB Motion Sun Shield - Infants to Children,BOB,59.95,0,0,0,kids,2020-10-17
MEC Shuttlecraft Sun Shade - Infants to Children,MEC,24.95,0,0,0,kids,2020-10-17
Outside Inside Freestyle Disk Golf,Outside Inside,44.95,0,0,0,kids,2020-10-17
Thule Child Carrier Cargo Rack 2 - Children,Thule,99.95,0,0,0,kids,2020-10-17
Thule Thru Axle Maxle (M-12 x 1.75),Thule,69.95,0,0,0,kids,2020-10-17
Level Six Azlyn Swim Shorts - Girls' - Youths,Level Six,39.95,0,0,0,kids,2020-10-17
Baffin Avery Winter Boots - Children to Youths,Baffin,37.98,60,0,0,kids,2020-10-17
The North Face Class V Brimmer - Youths,The North Face,39.99,0,0,0,kids,2020-10-17
Sombrio Grom's Rebel Shorts - Girls' - Youths,Sombrio,79.95,0,0,0,kids,2020-10-17
The North Face Denali Etip Gloves - Youths,The North Face,34.99,0,0,0,kids,2020-10-17
United By Blue Wild and Free Enamel Pin,United,14.95,0,0,0,kids,2020-10-17
Picture Feel Jacket - Infants to Children,Picture,40,68,0,0,kids,2020-10-17
BOB SUS Sun Shield - Single - Infants to Children,BOB,52.47,30,0,0,kids,2020-10-17
Thule Internal Gear Hub Hitch Adapter (Shimano) - Children,Thule,34.95,0,0,0,kids,2020-10-17
Thule Internal Gear Hub Hitch Adapter (SRAM) - Children,Thule,34.95,0,0,0,kids,2020-10-17
Thule Child Trailer Thru-Axle Adapter (Shimano) - Children,Thule,64.95,0,0,0,kids,2020-10-17
Thule Coaster/Cadence Rain Cover - Children,Thule,79.95,0,0,0,kids,2020-10-17
Osprey Poco Carrying Case,Osprey,59.95,0,0,0,kids,2020-10-17
Outside Inside Basecamp Magnetic Chess/Checkers,Outside Inside,24.95,0,0,0,kids,2020-10-17
Waboba Voli Racket Set,Waboba,34.95,0,0,0,kids,2020-10-17
Wheat Cassandra Shorts - Children to Youths,Wheat,24.93,50,0,0,kids,2020-10-17
Keen Hikeport 2 Waterproof Boots - Boys' - Children to Youths,Keen,99.95,0,0,0,kids,2020-10-17
The North Face Franka Parka - Girls' - Youths,The North Face,239.99,0,0,0,kids,2020-10-17
Stonz Shorts - Children,Stonz,17.93,55,0,0,kids,2020-10-17
The North Face Chevron Pom Beanie - Infants,The North Face,34.99,0,0,0,kids,2020-10-17
The North Face Reversible Andes Jacket - Youths,The North Face,144.99,0,0,0,kids,2020-10-17
Keen Lumi II Waterproof Boots - Children to Youths,Keen,79.95,0,0,0,kids,2020-10-17
The North Face Fanorak - Youths,The North Face,63.97,20,0,0,kids,2020-10-17
Saucony Wind A/C Running Shoes - Children,Saucony,59.95,0,0,0,kids,2020-10-17
Thule Yepp Maxi Frame Mount,Thule,279.95,0,0,0,kids,2020-10-17
Thule Spring Car Seat Adapter Maxi Cosi,Thule,59.95,0,0,0,kids,2020-10-17
Thule Spring Car Seat Adapter Chicco,Thule,59.95,0,0,0,kids,2020-10-17
Thule Spring Mesh Cover,Thule,49.95,0,0,0,kids,2020-10-17
Thule Spring Snack Tray,Thule,49.95,0,0,0,kids,2020-10-17
The Mountaineers Books Freedom of the Hills Deck,The,10,0,3.5,2,kids,2020-10-17
Sportful Reflex Jacket - Youths,Sportful,49.95,0,3,1,kids,2020-10-17
Thule Cup Holder/Bottle Cage,Thule,29.95,0,3,1,kids,2020-10-17
Thule Cheetah 5 Point Shoulder Harness - Infants to Children,Thule,19.95,0,1,1,kids,2020-10-17
Thule Spring Cup Holder,Thule,29.95,0,1,1,kids,2020-10-17
Thule Spring Rain Cover,Thule,49.95,0,1,1,kids,2020-10-17
Thule Glide 1 and Urban Glide 1 Mesh Cover - Infants to Children,Thule,59.95,0,1.5,2,kids,2020-10-17
Thule Yepp Nexxt Mini,Thule,219.95,0,3.3,11,kids,2020-10-17
Thule Chariot Lock Kit - Lite/Cross,Thule,59.95,0,1.7,3,kids,2020-10-17
